<?xml version="1.0" encoding="UTF-8"?>
<metadata xml:lang="en"><Esri><CreaDate>20110811</CreaDate><CreaTime>16302000</CreaTime><ArcGISFormat>1.0</ArcGISFormat><ArcGISstyle>North American Profile of ISO19115 2003</ArcGISstyle><SyncOnce>TRUE</SyncOnce><DataProperties><lineage><Process ToolSource="C:\Program Files\ArcGIS\Desktop10.0\ArcToolbox\Toolboxes\Data Management Tools.tbx\DeleteField" Date="20110810" Time="174229">DeleteField parcels FID_1;JOIN_COUNT;LANDBASE_I;CREATED_DA;CREATED_BY;UPDATED_DA;UPDATED_BY;CASE_NUMBE;DOCUMENT_I;DOCUMENT_T;LANDBASE_T;BLOCK_ID;LOT_ID;JURISDICTI;ADDRESS;PREFIX_DIR;STREET_NAM;STREET_TYP;ADDRESS_TY;SUFFIX_DIR;PARENT_PLA;PLACE_ID;SEGMENT_ID;COUNTY_COD;MAP_GRID;ZIPCODE;INPUT_DATE;INPUT_BY;MODIFIED_D;MODIFIED_U;POINT_STAT;ADDRESS_FR;ADDRESS_SU;PRE_TYPE;FULL_STREE;MAP_PAGE;SUB_X;SUB_Y;ACTION_COD;PARCEL_ID;ODD_EVEN;LEFT_RIGHT;CITY_OF_AU;SUBDIVISIO;BLOCK_ID_1;LOT_ID_1;UTILITY_CO;SHAPE_AREA;SHAPE_LEN;FID_2</Process><Process ToolSource="C:\Program Files\ArcGIS\Desktop10.0\ArcToolbox\Toolboxes\Data Management Tools.tbx\CalculateField" Date="20110811" Time="162235">CalculateField parcels Value 125000 VB #</Process><Process ToolSource="C:\Program Files\ArcGIS\Desktop10.0\ArcToolbox\Toolboxes\Data Management Tools.tbx\CalculateField" Date="20110811" Time="162251">CalculateField parcels Landuse SFR VB #</Process><Process ToolSource="C:\Program Files\ArcGIS\Desktop10.0\ArcToolbox\Toolboxes\Data Management Tools.tbx\CalculateField" Date="20110811" Time="162259">CalculateField parcels Landuse "SFR" VB #</Process><Process ToolSource="C:\Program Files\ArcGIS\Desktop10.0\ArcToolbox\Toolboxes\Data Management Tools.tbx\CalculateField" Date="20110811" Time="162504">CalculateField parcels Landuse "MFR" VB #</Process><Process ToolSource="C:\Program Files\ArcGIS\Desktop10.0\ArcToolbox\Toolboxes\Data Management Tools.tbx\DefineProjection" Date="20110811" Time="162831">DefineProjection parcels PROJCS['NAD_1983_StatePlane_Arizona_West_FIPS_0203_Feet',GEOGCS['GCS_North_American_1983',DATUM['D_North_American_1983',SPHEROID['GRS_1980',6378137.0,298.257222101]],PRIMEM['Greenwich',0.0],UNIT['Degree',0.0174532925199433]],PROJECTION['Transverse_Mercator'],PARAMETER['False_Easting',699998.6],PARAMETER['False_Northing',0.0],PARAMETER['Central_Meridian',-113.75],PARAMETER['Scale_Factor',0.9999333333333333],PARAMETER['Latitude_Of_Origin',31.0],UNIT['Foot_US',0.3048006096012192]]</Process></lineage><itemProps><itemLocation><linkage Sync="TRUE">file://\\ZANDBERGEN_DELL\C$\Dropbox\Dropbox\Python\pythonbook\exercise12\parcels</linkage><protocol Sync="TRUE">Local Area Network</protocol></itemLocation></itemProps><copyHistory><copy source="C:\Dropbox\Dropbox\Python\Data\Parcels\parcels" dest="\\ZANDBERGEN_DELL\C$\Dropbox\Dropbox\Python\pythonbook\exercise12\parcels" date="20110811" time="16302000"></copy></copyHistory></DataProperties></Esri></metadata>
